Theme,Alias
Fruits,Banana
Fruits,Apple
Fruits,Orange
Fruits,Grapes
Fruits,Strawberry
Fruits,Blueberry
Fruits,Raspberry
Fruits,Pineapple
Fruits,Mango
Fruits,Peach
Fruits,Pear
Fruits,Plum
Fruits,Cherry
Fruits,Watermelon
Fruits,Cantaloupe
Fruits,Honeydew
Fruits,Papaya
Fruits,Kiwi
Fruits,Lime
Fruits,Lemon
Fruits,Coconut
Fruits,Fig
Fruits,Pomegranate
Fruits,Apricot
Fruits,Guava
Fruits,Dragonfruit
Fruits,Lychee
Fruits,Starfruit
Fruits,Blackberry
Fruits,Avocado
Fruits,Cranberry
Fruits,Date
Fruits,Passionfruit
Fruits,Persimmon
Fruits,Tangerine
Fruits,Mandarin
Fruits,Durian
Fruits,Jackfruit
Fruits,Mulberry
Fruits,Gooseberry
Fruits,Currant
Fruits,Soursop
Fruits,Rambutan
Fruits,Custard Apple
Fruits,Quince
Fruits,Kumquat
Fruits,Loquat
Fruits,Elderberry
Fruits,Huckleberry
Fruits,Boysenberry
Fruits,Salak
